0,1,2,3,4,5,6,7,8,9,10
17.08362606545069,-32.68921128453012,37.32834598470258,41.067535969311045,-45.892832443714646,11.26302393822344,32.155215292418525,-40.04304073281469,22.104845481860412,-98.66892745093031,1.0
-16.9617698073825,2.6748725360175656,27.205667973958157,-22.73056640583325,-41.44373385363816,-37.0096063491532,-13.71486273033429,9.094291523165328,6.449406572900195,-11.640999578858047,0.0
-68.51782185038803,26.82063514467217,-110.56379116073829,64.95165561658726,123.50738668979949,-17.073272206022786,-9.961852756115288,-7.1103914811131075,71.71450997192964,-38.14802177885279,0.0
-5.271640829462015,-35.85170450591439,62.36076096295246,73.75911306850301,8.945223614785485,49.86663679825106,-6.582895288398099,-2.908684909365151,43.615227781689235,-32.78375113112432,0.0
36.43683898182702,-36.47614735050074,6.621958204421051,28.894077749998715,-29.511331009666023,33.15608427195743,14.519850677392132,-34.80976434469469,15.679206164572488,-113.63425509427626,1.0
-67.65213150662744,191.58697937567487,-46.69079467591991,30.446780907274192,64.74724523310223,29.586053811045172,-44.53667930653153,89.0501644220735,-95.12228673896416,-92.19606265681642,1.0
-10.281007455942213,46.80838234887496,-27.096987817008845,-35.57999584087155,-4.3535702216673915,8.31204423189356,-33.579258879282435,38.863307305101536,-5.49942208502244,38.94764894939026,0.0
-2.3069940451367317,36.44876127666569,-39.23182491508007,-130.16457230445158,68.04245389515053,21.883679966133187,-21.287403041591006,16.013797743151294,16.80932957377664,29.059922058470733,0.0
-37.43129205928922,7.683993790338845,-20.69488937354299,-48.43091789479917,-1.05841397674509,31.44938275250238,-15.386422468987925,11.181648481345352,-16.27682143632518,-1.2645740219898909,0.0
-61.434533036999284,34.10359658148928,-53.23539047333973,-8.944014531091737,51.40936595495761,-10.068547396464286,-8.80902819489505,-1.180011243943782,37.872690272344556,1.3748806852097406,0.0
30.496643235670206,145.2073721452264,-70.75392820439592,-9.586023269849456,25.63425721792041,-43.56555672215011,-29.49380536337121,40.028974452594724,-2.2318443312507643,26.689577569407607,1.0
55.659178125058006,11.962531762260177,-56.35185258375055,-28.622514110434974,-14.136289729082032,-34.42011229477537,-21.723945338484057,15.177164096944802,3.0311509415659788,-23.84473500184969,0.0
100.25374034184662,-66.35287072136006,-28.18350258752894,-17.81306016798703,-23.110737546403346,-37.20030521159461,-0.9607082765680465,-5.057600592280587,-1.7956005345061274,-54.322736602404866,0.0
-130.86304335328148,-41.25421093757458,29.15059751010507,14.022976507969847,-28.53171409453635,8.183267477831093,14.685238726813505,-23.30336846862299,-10.682255437958625,-19.10299639897927,0.0
-100.60098020957425,-7.727093270124957,66.77742699292729,-7.813793224832772,-32.2662884125608,-27.61629199740292,-0.5953817900491075,-17.061563076186832,26.26133529139808,12.995148575239915,0.0
-22.322834312369412,-58.97468289321699,23.651103195909496,-32.078553294380285,10.66496723083059,36.932585331888525,-13.345317875379935,-3.557796187085625,-9.89185265608041,15.756817016784037,0.0
-33.593696910356165,30.625450434509837,-15.910949079318973,-11.569062941101295,42.06591686553473,50.29083217346728,-24.440693276875752,46.388349093304356,-8.283652848101918,6.661601547956452,0.0
12.428235072552004,61.57957301055824,-17.908048657567587,-70.08231785980239,-50.66447217337825,60.11163634357018,-25.166751685337758,-29.419386923157806,28.631462104163347,5.411729645455309,0.0
-21.7153315107416,76.93380626391568,23.6505612636404,5.006130879659991,-7.136095749164306,-9.841659053358816,22.952533624365497,-43.40644168056772,65.71861888591852,-23.172361817776856,0.0
23.502631188847108,-113.17594648192383,57.79511106202473,17.354183647978655,0.19504167924238977,69.31674403676963,-27.935693636333035,-14.698264507401333,54.34776582329646,-4.191700128970293,0.0
-46.30156191135582,-43.56906397450278,27.81996868567017,123.68611753712072,-19.297901928722833,27.356479375822126,-32.183735644902264,26.86242392761736,-20.584448126259332,8.497757532404636,0.0
-25.199392975796094,21.000657341032337,-58.99784462098569,-14.590136551037588,47.43923773333796,23.544389016474895,10.901311683715415,9.831295470733403,13.48735588824495,33.75998321580744,0.0
-68.10761815136077,10.663674505629082,-6.092093771248203,-30.37748582441967,-15.90604847984858,-14.210388487669581,-1.6501563133605845,-21.16018837823016,36.71064161132688,8.691583870141253,0.0
54.31299141565507,-13.848074980286263,43.47836407515214,-15.826712306938697,-22.82327751654056,-18.9809481691482,-27.21923078643203,46.01097590469444,22.90326531295508,31.408523003817102,0.0
-37.725742162621344,17.314100158697084,53.19418088362876,-32.81387227650638,-15.626350362606132,4.510120302812364,-34.09941294176642,29.313104111500554,4.34151228921139,14.073104542117804,0.0
149.66635416118268,21.134385293704582,99.88136397295139,-30.527882632765145,21.456537421447084,21.58978148603701,19.94093891272006,6.104019670213338,23.949639581407155,5.450364961512361,0.0
-129.01610479009642,10.4427487603664,3.0393402543206487,70.58143636430137,54.78138642725577,36.171877263697944,-0.7902704606265358,-28.21092965278094,-66.21024649405935,-64.96037726469439,1.0
23.38818734232426,-67.59826914949576,27.966680686841727,17.492999930251532,64.78541406907529,27.27602874649653,-46.595623264605834,40.847037640611205,15.142728929259926,-7.028111424373325,0.0
149.79930270229806,29.707926411543152,104.92745950560972,40.81078806377501,24.301235053821525,21.03568554385929,66.6745346592435,-112.36561393061872,45.982477503363164,23.63908845560759,0.0
183.07100058973342,-26.8002950112299,-3.7828662520570844,6.83195777434891,19.911267607922284,-79.88446412244265,38.563508642459404,-48.20828556249364,-25.177848540973002,-56.94843076522725,0.0
106.17509774600788,-87.45933372596062,33.096207932945035,-11.908472980229616,-60.18198265664563,0.4421144618551718,22.179162473316175,-78.73142934905727,-14.49206612079087,-80.02440996001886,0.0
55.69886379527945,-10.874378740194265,23.78308586666543,-50.86719361111349,-61.57040982120546,19.35540748309414,-2.4381216155986647,-13.490288453268455,34.41651912497057,-44.58012461097492,0.0
-28.34868001143988,-1.0562277302665843,15.792894302656427,-43.36457270148116,-10.646316035598705,-9.990906750120901,9.288712977430755,-9.008204895683447,-1.9784920046409709,4.582191506799417,0.0
19.009615933487968,-39.83875539306141,50.81846867357053,-40.836893753232694,-29.343018045124825,3.03320194097736,-18.943738463956414,20.325655463027502,7.289501030950332,22.462773008800806,0.0
-9.100352111839598,22.16156325894416,-56.30553499154422,-16.59659925719306,-29.674286909724916,-53.81930465516371,20.50743715384014,-8.059033585642958,-42.059103393703886,4.753339780496405,1.0
-45.944260838147905,54.703950599090824,14.709341440728569,-10.486548008854495,-69.89236776618289,22.43325652375249,-17.449749703123228,-13.796199608222377,52.958441027237846,-10.617398465921715,0.0
1.0122071891880502,12.923933552546657,-39.096086359113826,2.6791986423794034,35.71478401880528,-29.791750671145074,-4.61932698034355,37.55300837105827,6.989708309960241,-11.174968637259909,0.0
-64.69913866210744,-73.41702110898686,19.023228152630733,49.56323941891741,34.48050710403128,42.491106496145235,-25.975609516071614,10.127167456166129,13.973778578214095,-22.912611441787462,0.0
23.688849214085295,-79.56823676981075,36.3217365176822,9.144917398627928,-52.53731276877211,-4.225811615398851,-18.90048009796029,13.975136128059598,-14.774934915248348,-45.6436106464567,0.0
146.8886776144208,-93.81286808171996,55.752827870009256,4.564182615818344,-24.99114710609923,74.58857192867103,-18.558601405393,-21.78752827664242,33.930151328448,18.426848449564332,0.0
-8.38659331802493,-13.649087731827995,-20.160560105257574,3.3186114360037777,-6.322116712788523,40.4730656343338,-34.99751706350553,-25.02528958727636,39.25179786068275,-25.550953765176757,0.0
-16.517315335274038,52.77390041012386,-40.62137176963446,-9.076927981610236,-25.503744596078082,-43.41435344661709,0.9230646462265193,10.408257316415227,25.129058465707704,-9.19012343453397,0.0
-71.62576143305749,-6.895894172867286,-37.55721469119823,10.600490100955904,23.86536649226273,-3.3321102618397944,0.9399983912888068,-4.633814757515117,-44.735269800744774,19.591331024466395,0.0
-90.01285749054635,-5.218597314748391,10.431813870164246,-25.92814143180175,-21.639500216768408,-9.736555691780998,-6.8398534039674,-10.247570341304101,-50.627377981003036,15.178301608631417,0.0
99.86595815359323,-32.74212396599133,20.897508692815666,18.399850252252445,-24.0192272628316,80.67934676299893,-25.630951126052896,-15.802945831867682,28.532619491564944,10.567034874142157,0.0
99.82668261837448,-29.759060033460276,-9.42395680182044,-32.65683935223925,-103.00018411952223,-11.622019481769108,-7.241956764691673,-32.47564910898353,26.629335339448875,-47.175030950484334,1.0
0.7313969525974896,-22.185879783094176,-34.99047905299632,-5.538739586791364,-36.25831161543499,-37.51239885190639,27.244803290673204,-28.28717422026902,-45.88840654478379,-13.563662878449701,1.0
7.346585128054043,-3.574757985623807,30.04687141123309,-48.5428978512006,-35.666622985105384,-14.595683356912312,-17.447693765387346,28.948574047580752,21.75786327187416,29.27745283712795,0.0
-30.19814870845417,61.93613951059896,2.094034208610983,41.958780650592466,-67.24180576017497,-39.212973157654325,-48.73743166971719,36.39443057048797,16.39992735621443,31.392441796882473,0.0
89.9739971043218,-21.19681301727991,15.734021083738998,-25.658182628388168,-13.763193270559311,-35.124646713286175,-14.198379361907048,28.154356722596937,-20.762488665464,-26.010084881909368,0.0
60.25355766414185,-27.478480462590234,-0.30885191582587396,12.466313388008325,-21.230779987055826,12.931444943358326,-49.4602102065341,31.91871848997449,3.9792529903670633,30.16142853260607,0.0
22.645696988510988,-14.683819615887336,-23.35646716503999,-22.366910328192596,12.83051546576626,4.4406534181347315,-14.368735180867253,14.95175520387443,2.014388335183865,26.630774143497867,0.0
19.893303431793655,-91.6677408619493,-21.544859306932754,-5.441509390552593,21.174396686608304,-7.18705366003571,10.446366769106838,-1.875614417530261,13.502628856681556,-42.862735833303326,0.0
-155.2623495659755,-32.970170553867376,36.352131939851816,-20.45476792620502,-17.63407392694931,23.21048112398322,-9.300123696763293,-16.51475440674516,-79.05253185267601,15.553244902480804,0.0
-41.60630524208733,23.751923116144354,-35.52345624518363,42.16012839630558,-12.11924501774292,-34.67395057499492,-12.478515614092004,27.603283458490786,24.50185820768642,20.245057371369484,0.0
-49.007518181864555,-9.902821059128224,70.33771821005176,-24.598511823938143,-29.748839906208786,-13.453159012031291,-4.449910772857759,0.5794517943593848,14.19906416266649,31.08327978217754,0.0
-5.117402066559553,5.488092037735203,64.42301978047057,-175.60736648683252,53.161508651233085,-1.3698475729414168,-0.2419655510793075,16.33571979876308,-9.767272843437578,11.028458150146884,0.0
79.66865663129329,-37.999566671869545,24.27382529417112,-26.61340058776222,-23.473935641851103,-44.37738934800199,13.42593714730473,15.443190771894322,-15.623676909815636,-39.74808974225992,0.0
-14.543694500349067,26.566331913658026,-4.997433271211519,12.432777817211823,-4.25609990580378,-50.33467839435334,11.83136540537127,16.422933384739814,28.493787213405984,9.937990124002393,0.0
-78.33517910452052,82.85972721914735,-5.846073969401052,-40.38062264760959,8.725140176843869,-12.846040346991451,-9.139741024622591,10.609926947494523,1.5321350685575013,25.43839966570931,0.0
-62.12837535453226,7.92425417942537,-143.67539522274956,-34.92062919094424,31.16978532267309,4.6506547687870565,-9.122337094859867,-64.09592482389839,25.80611239702173,17.157190653231204,1.0
-11.309180367619502,-56.7889385207472,-20.93999946587107,-18.22929930564854,2.84884966416012,32.33960645728222,-12.411227618060671,17.92706919382404,-2.2768670657335957,9.253586508606354,1.0
-38.95050281421096,2.980062005951628,-22.383777525344676,-20.408215316665554,9.566329247284504,25.544181263363456,-30.19893244189862,18.438903639909036,9.432339386856638,31.202113950973715,0.0
-52.19678276050334,2.920779328189661,38.06196503080292,10.222563629258778,9.360837130871085,86.26723366867004,-38.2003777912823,8.913232924281054,16.721427899559032,-10.44368347635369,0.0
-150.2714093032326,23.629278793233325,52.038900375064074,-132.95526202476316,59.67037943721781,6.201166033383064,7.68840886224821,-42.81807500591204,7.679077098707195,-28.28884824222639,0.0
-18.68980512180858,34.63461525962848,-17.75220913759809,-62.74992475954526,-36.824079427125305,-18.693942001109594,-16.10336385647062,11.420197166436578,9.294180745416806,24.05894996195699,0.0
69.25221317534377,7.483601424265783,-31.67755611735304,3.0723765733421233,6.876823133245618,-27.952525487239267,-29.177541112756895,31.311891401670724,21.288233332168065,49.892008867032175,0.0
-111.74221011649364,-19.42968039526915,3.580320131326237,-21.68510159959102,-30.711094753691015,-2.000942815223815,5.282965928633416,-25.153729725166556,-3.722765883419643,-7.917556494374732,0.0
-62.99657185598819,70.99154167156826,52.13857609861851,-20.259041715375822,-50.525260421233135,58.882879733750684,-40.65981363361569,-43.72610472401913,38.34357789011337,-3.8345290181691114,0.0
97.28364388880371,-59.579002945692075,-15.342446096472983,11.032799151299985,-16.601802642979834,-0.48464866351718344,-34.04727630238529,21.16044799426397,-6.438171252239026,30.355972431457648,0.0
-52.23997893711433,-25.863976519504707,66.48459572014528,-2.77147828025753,-38.248424002778826,-3.2487032791970862,-9.096984363041226,3.000495180497281,5.949135083281464,42.22009864520223,0.0
-45.04473303146011,-30.006235355727604,43.44154045929529,122.2323897538493,-84.6780363993835,-33.08046697593609,22.904688733596945,34.12664829231544,-6.946878706428079,-7.028820126886103,0.0
-49.397807548178505,21.363616946873208,-3.1847225398778325,11.852261792257522,-27.78909591345792,-25.753428887738306,7.1049258187153255,-11.808725309863446,-69.76068413253049,8.901307114572896,0.0
71.24769616269174,-55.56365929821984,11.675971024684431,26.835136517953433,33.743081231374305,-8.314060858363723,-25.391373084607913,14.865624126994557,20.799907058735386,7.585157593760986,0.0
-122.73594467955755,8.96001363065302,67.87108254832195,-28.45716729804015,-3.221331569643293,35.11346687308286,-22.330588706857128,10.706585144791642,-2.966432340055458,-10.318566559034739,0.0
-97.66620930961261,-41.90567777789961,-60.02921602583469,28.60812067595162,46.446685694972764,18.386905155537193,2.6066069819027806,-40.260967792298665,-31.96957185621401,-7.078664709787077,0.0
33.621764970030746,197.4206550268374,-94.74471613444544,13.653245483153649,-45.23665142024849,86.16909687262026,3.6019114878092373,-112.98235997176654,-79.01889364603124,128.70762879740352,1.0
43.500322259283806,2.333515003569629,-47.64939957465344,-2.0587561622112767,33.60482910125116,-33.729864455929125,-13.637408826684025,37.142235933752715,20.582997701081528,15.05199378657261,0.0
-50.64026713133111,93.8364902412396,-21.095304053045517,4.267538245835205,17.54279789311038,-51.14435805344387,1.1643971443590402,3.8333039778019624,-4.436848306491194,-25.781434202886736,0.0
-27.045527170173674,51.797908035464964,-15.501505726695788,32.09084871219153,-31.090118689520537,19.634021086732634,-12.947567813795153,-5.879097421563713,41.85028808350843,-25.10197796881213,0.0
-72.8468466050797,44.88248188922262,23.683269167619915,-24.49384177449416,-47.19609846864573,21.568958038131804,0.4666174936431214,-18.577227372608473,41.547047665474366,-18.81751796489808,0.0
-76.92000288629747,-28.22216470186806,-27.152674288633897,30.71023783874121,23.17277953666233,21.86135243946824,11.505055696396495,2.4107303504017095,-72.3034321284098,8.836186059499889,0.0
7.36378131107841,61.37097094513844,5.6412806409882,-10.698810783869922,-57.195273357886045,-54.35586984694508,-15.965930006250435,28.348902593291015,7.517425932539135,13.547856746911412,0.0
52.51850593212473,-107.03658202538374,-56.26185153414318,1.6275122545642615,19.707744985619406,-12.195627438075443,16.187906120301765,-38.20049711126859,-51.35292858700779,11.53865806822747,1.0
-71.47720750236418,130.3733788770467,17.549100806586665,7.895611414018706,-43.93606697081858,72.16711361418035,-23.915630650865683,-30.805211575641884,41.66728256455321,14.359911445270905,0.0
111.45869178951408,314.2051225528057,272.16396592323906,54.66590606346927,126.34565196930933,88.47400995537164,46.45203751803715,-17.01999246323446,5.772595956603985,-19.787296714797566,1.0
-81.57084118248648,0.8008988301094693,-25.783389999478395,13.860552050941019,32.855922073753376,-13.399615328147185,2.7763489330017865,12.112126571989148,26.331292854560406,33.20827942683571,0.0
-54.37935887952756,-7.461088840340835,-29.869649338864864,78.36763242272005,71.32804446628748,-62.14057064882499,53.57288684708175,-57.795226442095554,-50.80960172513926,-13.382289053176578,1.0
122.27474742816636,248.25363856876083,141.671618598185,99.22737837894182,74.0958660637868,-18.150796889731637,99.47230709492804,-75.92316680478991,68.40771508983427,-7.77163472348022,1.0
70.72696510894636,70.9561568247407,213.97693042834325,29.30625273155847,28.90162066340655,-13.878085879760459,52.24779006153942,-10.702792515875332,73.94470392743237,-1.101497136686402,1.0
105.85645773408403,53.30779736835387,10.202257081638153,85.56384836986699,8.830237375568268,8.771033563429636,-29.65182346822568,-12.795799512294966,39.04660916981556,-29.802237889604136,0.0
24.765455698400658,-36.987781520614114,13.389578579485041,14.413357970029997,-83.58323643119292,-61.46812557072658,15.969589416813895,-6.535297362389922,-12.108960314695329,-29.302207775422804,1.0
56.765165847529325,7.712173180519898,-10.096894393213946,0.6247358631174851,-41.70918157320895,23.068461665133547,-14.736416174758874,-29.85798601825506,12.376479734535797,-57.632306961796175,0.0
75.63160225396494,-68.81179672761516,-49.19257910472131,-15.145430177234399,-50.79798715882841,-23.2877066656184,-10.359049462471045,14.986928680986022,-2.224527423210319,-33.92055786487061,1.0
96.35310024489968,-120.21764629509768,-11.032102662132651,20.371244509491696,91.40789637111101,64.44510079739705,9.366781269354869,-10.655109788003493,-23.480067125024288,-45.89969289724852,0.0
-29.99314514295043,-104.3371595312536,-19.848165184031952,170.57945255910502,-18.083615577786677,1.0069703130996979,7.71092533654362,-22.920833436515032,-26.12255053347004,4.289350069759593,0.0
11.440759831141618,-64.5297356981938,-27.106506908402224,0.48369041200780544,62.7106829494974,26.690433624694087,-25.889218560560337,-9.05102266464007,-41.539835196353636,10.32723871022195,0.0
-5.69181685757346,-42.05061420506659,47.41444469896921,-15.300859619048019,8.475395952492878,0.5980023583288931,-17.964903727084625,10.156464552798878,-52.147603842564614,51.3950810644505,0.0
118.63022867277952,54.936124055663704,-0.8247470664929697,50.89110710528387,24.13530526256226,-5.637684054570455,-43.62469279889219,-7.542888758060815,41.443464404627115,-31.887627736246287,0.0
-6.020897554275437,-20.96428424136965,-5.444208356480024,-85.12785021720616,-63.06580577010268,-26.09754460963407,37.58053173676023,18.09314762722198,-5.624686678026732,-5.655266965294173,0.0
20.19946470291309,-73.62544254741012,-33.50003865068805,-13.305293971811036,-4.805082383352024,-37.96821445004416,2.053089730414217,-38.923775738782666,-42.93787896027973,-29.470505844146164,1.0
-192.77273650560767,-14.613924803595687,23.365178108615126,3.5663970885699943,-21.53670732432506,-2.572488250388817,-24.125272855952996,-21.72072557682291,-57.63423894469978,10.102930001412975,0.0
72.0164694926105,141.32098830321047,-136.85766874704223,41.320555196395304,14.771390553667922,-29.599687395560508,-25.916316730836947,53.209304171680124,-8.581589960859578,67.74338551384929,0.0
-132.49656704136828,-5.1066341004537055,141.7775769040806,25.625915825590873,4.692036047178558,58.53122999035223,-46.36970486690474,47.31241216539404,-34.194531326237545,-49.84192062999554,0.0
-80.25082827421036,-25.65193494015095,9.19514027718665,-28.659600558555553,-37.394387206505954,-12.616503028106738,-2.228037827364338,-8.829931879884612,30.07247410376487,37.92663837988979,0.0
44.68934567875837,33.88735707553912,-1.213506597782281,3.445547040599979,0.33975479376633366,-31.803518497083733,38.50931308205411,-48.66529468006941,53.67810891178249,-77.1210512625935,1.0
54.88440570705885,38.60848677478239,49.97462211360234,-174.44817174273717,62.67710943632412,95.87392949645209,-55.09865169699478,-1.5606848594208522,-23.379049096506545,17.813492195256988,0.0
-54.706996459092814,-10.670330393619874,22.70497825376261,-24.739742334373336,-1.766219506725809,-9.483246012609998,-3.6381916966712966,-23.13390613595048,4.025840502383931,-40.95537552245102,0.0
-81.73561459781455,34.67351940270987,-41.1800691414103,-149.99213262692183,97.77854839453597,-17.437519680029002,53.25026165133231,-41.74541121563799,-69.21937313371743,-4.329901274627496,0.0
-42.38101041756862,-26.410758996687886,30.972116711939154,-0.9163274913419449,-22.264577639494583,-51.55064912016221,53.69046358082152,-13.934721427666828,22.24514815751366,-9.962295493538498,0.0
61.31406328278803,-51.32370996639328,47.2860999974752,129.29849453255068,-105.11217339760817,31.466147793798093,-14.965706120852538,-3.8277229321270663,36.74569896739404,20.942312767436153,0.0
-29.90372657946937,-26.81544678977491,-31.187374733008806,42.30590912693291,-37.92342728130236,-4.262857515255758,16.598310821687118,-29.1711395254005,-57.876936163631946,11.516986873996913,0.0
-31.387934569605466,27.106239407500894,-35.04967017578726,13.61201787520557,-12.704254025009796,-15.485955110251828,-12.31007495924339,6.389981578628961,4.684948740083845,-3.3392989522161494,0.0
-79.89698396482675,86.70977395598698,-5.796993395644803,-11.728273289295908,17.09724496298847,21.436040785865295,-71.63699154756823,46.121356802836935,-68.30400569114938,-72.14377611937653,0.0
-25.835457905577734,26.42783067204293,-19.45874697089112,-19.618097682940306,46.40953797793712,-6.513793028100595,-12.674119997876396,32.14680728538624,1.4919317106526324,11.08019096107082,0.0
12.614162809064846,-53.321966830249764,2.407902561856305,4.2005923237244,-10.279137053522405,21.48576866333875,-34.58678600236379,1.3132886359949134,-8.942762176593781,51.164492370657776,0.0
19.083976412808752,97.62343331937517,1.826819441448444,13.678039499130282,-4.5737906500169565,-91.46365010080402,12.405544210484669,25.810707672213407,17.084889723434564,9.856594397305697,0.0
69.48021359297339,-71.49962980455508,-16.942533489730376,-1.0698262869783763,23.6833884961183,8.932917100946486,-22.195746778057394,52.28152919749013,-5.809838035060672,29.736668550539854,0.0
79.87934507709849,-55.31320621328915,-51.44241630158651,-7.353826410629605,-11.528316510514317,-34.524008567604625,-6.4765357090500855,2.0817835062113375,-66.19145200412017,-37.53895746145657,0.0
-36.14913231175443,-10.051174491818207,-20.930714544026888,20.52344753923438,13.293123308168658,-21.078666765793372,-3.031804696071172,5.561039411147197,24.119646766345785,-12.705253182670875,0.0
-19.18934140241149,-56.38443367671848,55.07564731833385,-13.935679677430674,-40.2982273409079,6.612943041958662,-15.386150910262744,-0.17643480511361354,15.588595717964237,38.92194339454387,0.0
86.83291448759209,10.798214276240579,-44.66091609099396,-20.179669817993656,-24.084163162208085,24.414257958227196,-8.741000751659056,-8.634260650223231,21.54019756619207,-18.355078342849914,0.0
123.8721707734719,-55.74714808713024,28.272156589419964,27.78936083975278,-17.056812866290542,38.50683742671686,-2.8444622411487788,-17.015118730682914,12.214642169132947,14.534460590837563,0.0
20.32154123679097,-3.0004518506761984,-0.8892345108516932,-13.252346484644297,-44.33745399430805,109.74366312110743,-23.700960178515995,-14.871699640617686,7.379886955169404,-8.60131125710127,0.0
24.135863637544315,4.48495748653912,-56.70610726822205,1.8383178006410426,-18.988198929117576,42.67007537193402,-24.68443517107147,-6.343780468909606,32.459721294383016,-13.410540762933726,0.0
-78.42481114421712,-49.34159437132879,-1.095756608989355,-0.23453975650717726,29.609212581643533,16.793621381800452,-2.6106689619761814,-28.557324857432008,-43.49554244512874,0.132392537431618,0.0
52.42087643942663,-19.82147160522911,-12.807430150298288,-3.8594753727257403,-34.04805421414916,35.742583328316954,12.140375848665181,-11.397475674984793,-62.556456680456215,72.22047860224332,0.0
-16.12321075136898,-63.17113685416242,-0.5934632205967836,45.6042525869819,-22.509770295220292,16.892563094256715,16.062708892478096,9.74649578305099,-7.305403974781771,9.11344811617547,0.0
28.84954768557069,20.6908559473011,14.66454487241561,-10.597450741581744,-69.44021071779184,-1.77009663640002,-14.987961738460863,-24.72332443625695,39.27348734059206,-14.658536815209027,0.0
42.359792332319344,-68.50107600925898,76.8441603000867,7.111755251408454,-11.071925155469803,-35.4964132304933,11.664613811052044,27.933823437934333,41.887113981290206,57.54840560333309,0.0
-63.12769221764302,59.12185839250418,-38.191971588750505,-28.2363781503074,-0.8684603558226504,15.135844548293143,-5.82958721356535,13.568876009691449,0.4615273804155986,8.692281638790398,0.0
-25.2040345064933,-3.181635624394594,0.549165782027857,-18.855974743975015,-11.673220875986042,-9.122672943613697,-36.4648852968617,15.66704001362669,17.842798790266365,7.9140804105742175,0.0
-61.610228190769625,10.027583111202999,9.17666252264578,-19.03430941017301,-52.721772743745575,10.924431762072466,-16.063417591657046,15.900438553379468,0.3451193097128229,25.752846951721562,0.0
-91.88045775876233,19.774929200156222,1.649724680972803,104.10372080145807,-12.329220064394697,-41.31565194584666,20.102594766807627,6.777649132502444,-13.123931637880041,-19.352842368433404,0.0
-41.409459129378575,23.121962845760255,-17.23080924350199,-43.204522516077255,-15.996803687910814,0.40544325898356287,-21.683501810588442,2.380062283883251,8.698353092565172,-9.947697380605918,0.0
-123.38768762109052,78.36698781217731,20.73920224412197,-8.571009502974626,-1.2368172116492442,16.701111897255494,-3.8127210415393376,42.31954154242055,14.375713218299918,12.309684444404537,0.0
-101.01822078017075,14.37664383881876,58.60332989321878,-6.489714190076935,-11.24040461666016,-6.2193916446664215,-5.983610227082296,3.347684654179068,2.3926891408559565,-25.237005010773625,0.0
22.238176783615906,6.909823080634333,-93.58887236213906,-10.504219757546233,60.80256385722826,-28.767514092614167,-11.492109553254794,10.01083056231194,-18.06515075120544,-10.172010772961974,0.0
-3.6267172745259146,13.441465295239533,-15.707398418102054,9.026946506997232,12.914428213017914,17.0753977220598,-33.59553282082587,47.76651812671676,13.495152558339154,30.64645740599499,0.0
10.75987114190313,-15.82497358669028,-9.033948165124844,12.114821995863936,-34.48931716034948,-26.40033619819578,-0.7034647319317295,12.599681456295386,3.77038105077564,13.25616425372785,0.0
-128.00030609465554,18.028700345700425,27.17418637050183,-27.74890057606864,-10.403093151920455,-11.714266506893566,19.135054236606916,2.210013120587666,25.683668799140246,-13.286767727459546,0.0
-32.246482763332125,-9.86420584721159,-189.7022948053752,0.8234530295849158,-79.46645830695333,236.86795478465785,468.8962644142839,268.08253368741646,55.93214426033334,-37.50546965414958,1.0
76.74198511131118,-59.318563857830476,25.235199718423367,8.40201541477392,32.76308573951474,4.698736710891893,-14.716953678367839,38.00785208083663,6.886760026571483,29.41335160768128,0.0
-107.48733530213354,11.813844638897152,40.20957456929556,20.895241707113772,-45.59277019388015,-17.38681679749643,-18.521569695146272,7.822499611509443,28.13791566048806,-4.158802054864334,0.0
14.314970628016647,-47.97721499887071,-16.64261364413096,15.670265128911632,36.86721714738057,48.13618348488204,-13.665800808449784,38.818087519150914,-12.561318333655711,-7.952067917828741,0.0
39.00039237177664,-65.97244889903313,-6.975799340944722,48.15896200041864,38.75717119145626,16.34608985341087,-16.68375571575771,20.27828850040241,3.130144520978055,-9.25046142952333,0.0
-85.15439323753672,1.9158446865782477,-57.672651073067264,16.466751903322855,95.08873612024571,15.760733411593659,11.178688444883118,-20.331339107282574,-42.43321103341559,1.2374498851639522,0.0
8.6535074100188,-61.88273308875205,9.348031558166948,-28.071363931636082,31.716567638547136,18.945904624703214,-26.053722462353633,20.834393828698072,-46.837772423308415,33.17406267442177,0.0
-19.27848772355915,26.830952396802125,-43.08626979166894,-47.637963982605086,-16.5824239191246,-25.529168820272684,-11.548474794441171,-2.736201940247566,25.050599063045915,12.269891441373973,0.0
-9.622060901305614,9.568579277948007,-89.33824926084803,-19.52234990147064,15.22668993478572,-0.7598191807185461,-14.544303067939778,13.288581129880065,7.802703915613943,-11.71286040524374,0.0
-23.794490221056183,33.01289364694143,-49.180674050382244,32.290563407520025,17.917615071958913,7.061466371429588,-46.28883712311025,15.563740862982655,15.473796634107185,-12.386856457725452,0.0
-27.015165888845196,-78.2666187190673,52.02182217307629,42.7708052883764,65.75428547777705,65.61122935739256,12.015214908989128,7.885696974573175,-23.694507535683737,-34.24322726285931,0.0
92.06146146004842,-89.76571045643591,-21.716871696309298,-3.3563664992371622,-4.574807715491305,-11.347232519268708,-1.527032222584181,7.280168624978116,-21.81986736868358,-59.8099791107776,0.0
-26.89951915059087,16.530592957007045,20.785477286991572,-19.313301288303045,-62.45036837997062,25.9067030258629,-27.962364985124132,-11.946872853970463,34.832193858718526,-10.52547949734037,0.0
-88.0466154818266,18.696014630412968,27.131002919308838,-38.36515222590778,-15.75618439376048,-14.311104035909178,-22.404770642701944,-6.350164056217694,5.226422119472705,-7.846804875349149,0.0
-26.986685466096265,-6.445148192560184,48.446735546708695,-50.219598559121486,-13.412256378170593,-24.671678905658876,8.675287993763256,7.188063493984209,-14.531656046670204,-38.196036474069345,0.0
-38.92312832707808,25.64162203444967,12.099704535647298,-63.427816885117885,-39.534616470006576,-15.768387519847447,-16.546468754304726,25.526450244137266,8.565709542706413,8.573238513019836,0.0
-38.10211707355815,63.18470681213929,-70.30866360261798,-16.39342199685555,40.014914522636005,-53.61344397455348,-8.288173234812957,6.661781798428049,39.225483178660475,-1.5839554119935362,0.0
-85.04911142535248,8.664440193772275,127.38994313308756,24.405185003650065,-16.626247064685078,-23.941825422465676,-8.166867967974873,39.03324219718229,27.268840252066713,28.81346986400591,0.0
105.2533954574169,-13.938870235289421,16.94569712501161,-1.9171664585722907,2.4139351255342314,40.07158915260799,-31.06073202732347,-6.281367843747283,28.30633561239218,-2.6802165589580826,0.0
-80.30030345917751,-14.208651345602775,-16.118801877807453,41.758201962392754,49.69135246748882,36.62159222416232,-26.061476432129567,16.197143167050587,12.724449693402564,-10.167783116863184,0.0
76.67456976825815,-39.71761223089656,15.449424256473389,-25.733902050896912,-18.378991112188437,-2.3556110081913304,-19.571760227407097,52.551097936806414,-1.7977191630910723,21.14014297946964,0.0
-64.11040528899494,31.403388454899208,69.2236052247889,92.96489072300074,-8.361414134684667,-37.169621132394546,3.0833424204679583,28.838974560922157,-1.4479614071049711,0.052449060711699094,0.0
-23.33837873959859,-91.52140447709506,10.319178945140198,-6.337826319411905,21.42345453418695,43.550422307437614,2.9981991988961676,15.560355758086295,-9.461673512466984,-19.683513319547068,0.0
-91.82817239549986,15.470398490577745,-5.329321225984252,-19.43393854717105,-39.36816389091129,-4.733442290463505,-5.91889002755872,7.349846101198993,11.964027015972162,10.459704099937147,0.0
-26.708920994309928,8.607741999637764,0.1438245060355329,-62.07532499988007,-7.665665254938154,17.614242370750645,-43.4871107764155,47.718447127967806,-4.324122457038386,27.09262935664799,0.0
76.17399872521028,-71.29847808909108,-4.29653378957599,-1.699373415572674,3.51131731699859,39.84679266934168,-25.168129211064016,20.020679669923478,-22.69347830648364,-17.51617962355749,0.0
-14.766629842399642,-85.57389336002632,83.04035730597208,-4.911143514613626,30.360562848881788,63.024855628655466,10.255604825032007,-13.453856362757262,-45.03731927864157,-7.092156006887641,0.0
9.143483636674897,19.005944634633554,-58.18808637518842,-17.13722907727239,8.815696784061341,-34.42307707363126,3.128655366373285,-4.9559793543857324,-5.237140579107245,-16.005188036123606,1.0
-3.5495262957559723,-8.951214003157949,-22.399111281444775,-2.8551612,-22.785060258781755,-68.16042946115324,44.95856717848351,-26.468642396901057,-68.31597801830041,-2.5418920494298685,1.0
78.75824787105019,20.942249896341533,-0.8266547639834914,2.377739828225123,-55.0198789899846,-74.7760633271307,1.06835758498912,45.00627889733172,-8.48233942290881,-38.030228728574436,0.0
136.52220357608047,-83.1918788569688,-20.484966352875823,17.21990918090908,34.44415954725137,-7.169570353015483,0.32880992510522955,33.663397823257654,1.8370972846044213,7.9084791948630055,0.0
4.665313861434461,-8.76662767567498,22.996436430045566,7.914816411412347,41.28005273778931,24.529993236801598,-30.15456457111383,48.86567274677136,-20.215435644948894,-12.473157922573616,0.0
-31.20090330557729,-81.11936605749291,-7.858086393841806,1.722163641153272,12.080329442797543,19.922791739618916,-12.106959659174219,-1.6400656446272595,-29.6126932573414,50.0526851163913,0.0
-12.71527402976545,113.60934083401159,-24.713339135531047,-171.97123192808178,35.65011717688254,-5.719351899831367,-21.56427154251108,-21.881173679596227,44.659410817381755,-53.588605925667004,1.0
75.19308008508291,-24.666379673341634,6.6137839651817725,-32.49010780698328,-56.63686989348332,-48.947249198803455,-30.132221572644045,19.025418462082627,4.354770090697386,-15.863146541981559,0.0
-96.22008170255852,42.93957484575286,10.836450926251372,-4.021706845451983,-38.076754929243975,-1.5344948533290796,-6.182733825000621,11.50657106719905,27.364779206701133,30.25200736842705,0.0
-42.79483431697445,-3.8721783389140145,-51.13574823815769,59.44878694166163,-27.588365387747917,4.548587840445351,-26.357349824148628,13.716610144830085,16.704134637553572,3.4402919408941948,0.0
13.086496607928375,-108.73273490176777,50.53391403963373,-8.065464975413606,-27.198427781557857,-5.123343179358256,19.62014917313341,-33.2837737274456,-57.42940907914882,45.69129372523661,0.0
75.09068795237246,-21.81427103690644,-0.3580180900973714,-12.493037143187154,-49.41635062772412,1.1382767416275787,25.58298399574185,21.707994068491683,-7.897811480807963,24.731014468287736,0.0
-90.07010429412804,61.07435361676648,28.677217521375827,8.478066446626096,2.1109275496387787,-37.1685737913857,-17.988384364666054,1.5118575187730163,44.67671413126044,0.140706424283267,0.0
-17.916338534043813,-49.568357784334395,51.99757462854742,-5.880105346437665,38.58633510151767,45.13962888574167,-3.505525116323136,34.75162409918675,-18.175087909819005,1.8904955479050005,0.0
62.34377221122194,-20.292203714716702,-29.522762224281,101.6213838318936,3.0248325665265328,-12.30015525485258,-14.799576993049193,10.139096989390053,-32.3287432127527,77.68282025520382,0.0
-3.9355706209092562,34.67603743057589,-61.563535584035016,-21.11874922642723,-29.946013494786065,-68.15964767941361,43.11000744426712,-2.8667839158941772,-55.62392224553854,-14.588530929643156,1.0
121.57722554703001,28.607069280262664,-11.879121831418134,12.982905512918698,-104.92805611296436,-21.47114481428382,-1.4378178112393014,-31.442748032099097,-3.31289876178698,-47.767583630773544,0.0
17.08552315299574,-83.59384011237293,-45.76276915099015,25.829911054248626,-21.663903935384525,-59.55633685262844,67.40047129760399,-82.5948274807069,-36.67461379106326,-0.8804000080577862,1.0
-28.398770476098605,91.07948558351175,-25.700141984824626,11.839892435438546,-46.95883238403312,-48.102069230911134,-20.874668539570074,46.10698520854165,13.01285854921793,14.699175595640249,0.0
30.277564208508874,77.48568697339532,-66.2741010069276,40.77395962499965,65.3521964729783,-73.30152968309686,12.071175125250281,-8.933842847392937,-50.43614269764527,16.76296956583686,0.0
30.02387811772504,-7.519194172672326,70.83264108752752,56.72125376440713,60.13058784556586,5.592920282690538,-7.88599890909649,34.367087511244286,-3.2556306209584083,-1.5867888671155042,1.0
150.75161532618873,-6.123252792757344,208.0970152717299,27.583197705956415,114.72978556917406,-79.39710612652833,43.170734419289786,70.65139045391832,10.055525044499657,19.975685314845908,1.0
131.75755789090286,-6.662694087074819,-5.5773726324677275,-59.19579997610688,-73.0464094385159,42.90244788259128,-8.223837445884406,-51.74287067663718,-48.04827611841059,-100.94926356311122,0.0
-49.920327797507404,94.59463050981593,7.343656758567637,13.08964113584965,-67.77890950849496,4.268788949983142,-13.190927259573153,-4.932673106812125,46.0659450082692,-22.47535358056771,0.0
26.313094492245938,-142.88123794429387,57.19303024970068,-34.22329048153693,-21.52212176081635,0.16947974891218695,6.397461222418046,8.798458572568839,47.371857978387936,47.26775955834565,0.0
-18.245235721340258,50.801394364574,6.260629679044004,-23.283624415964667,-20.346265173669938,-48.22825378222696,34.09395948919325,-6.697614399053857,-12.633285798408636,-7.435282970827562,0.0
-3.8155743004390867,-46.97231268193639,-5.474282515977213,0.724672635120642,37.77650141319466,6.102834413387851,-5.827593916500231,11.105182362100564,-48.90313931422825,48.489017326797395,0.0
-6.347480166192644,-10.518661139209264,-39.20266542024727,6.158823537423649,12.925017783668817,44.40732671805067,-13.733358043042818,3.720005104011077,4.135004688141579,25.444214778885975,0.0
-113.5403250634162,67.78082998483366,-12.604021863358117,45.55424135623328,27.441358977128605,4.9323886424023025,-26.570804572750426,24.425378393049034,-19.481677326320106,-53.45577505424912,0.0
7.640313339293079,-100.5748848455635,29.679671498380397,38.36043206326389,33.79440921304899,44.59861860112768,-36.77812729883564,24.356200206487493,-2.4379093267206393,24.849551290676086,0.0
-62.52305033479912,73.19927779103975,-34.66098667194467,38.75757818588884,5.6650339194005115,-59.32050567272598,6.246272173403204,-19.252165078466714,-78.65168391663396,8.580322541833237,0.0
-58.55697118604242,29.378625632227717,105.03206521401597,-43.601591590115824,-4.546241886993333,-70.39182411565592,4.598229778258726,25.428687169459966,-1.2725421217333581,-20.427766070496972,0.0
63.73830249131698,-23.900210761448502,-39.2070394242477,32.97443962605495,-30.374910632503987,-42.37681105625233,-30.67369405553308,10.972887384842622,8.801957013894082,-25.144528268289683,0.0
10.500850404611752,-46.19548155509566,31.71522843846027,-28.250382171292056,-89.8119187689938,-39.42817448502949,-9.243911586949574,-0.5764053683986489,11.149834727293088,2.027318278301598,0.0
117.12428167888739,10.090529437335741,37.71905729727612,-7.018860188248683,-23.53024778215696,-41.24278341383546,33.375100472217454,37.160913857314355,-22.374130260438466,30.535225877790253,0.0
-44.34244095734559,-24.194440989311722,17.17817207271633,-47.59494940344498,-8.70836089435065,24.549685898884686,-27.33957331043733,11.161413194165663,-8.083555713920122,1.6102108205710781,0.0
70.96370861686869,291.2105767756628,19.78441248953369,-2.065665356328265,-3.610718669254948,96.73817670953814,25.489686060531184,-59.365972924912015,-53.20374748258454,62.96268108993337,1.0
-127.84096445650665,11.689859379493653,7.993000640734185,16.809839156680297,-44.19209345181134,22.796491597273302,-25.695360481066416,2.482927626479611,21.13526999284626,42.593292048987905,0.0
80.32032816676393,-47.996393353846365,-23.384184609374014,26.36097872550643,6.820697533973661,9.171403072683436,-17.58368779604259,56.88111156557871,-0.8083479550237118,2.456148371691595,0.0
84.54222185452893,137.08836659066768,293.7372891582961,24.9245747487889,87.14952748198586,-13.3363065664413,82.48959077327999,-7.1609588334034395,46.27466974704277,-30.923962203317014,1.0
-125.80313657691978,32.11014247910625,58.58117593755181,-56.1309977684454,4.517660922550592,10.962968663284213,-14.85684601743422,16.794496161419577,-14.732468947383463,-7.107027114613872,0.0
-99.80141668344305,46.97841541942357,-2.945512523862206,13.992206710607817,-8.784471020655399,6.660524104679527,-6.977308903789427,9.008661816022746,10.318587603096718,-10.015908898067922,0.0
-32.13479308147448,40.95849441604179,-53.557235755163475,37.069426044360554,85.96810154676733,30.761970249571867,-56.711706309935366,26.63973442277856,-14.652499561932647,-6.84286674249193,0.0
-17.32144757727877,36.46932931786846,-78.52687159507303,14.937847194761435,19.248889676390213,12.308115750376398,11.575674612865662,26.316380305138267,-31.09989012340203,4.4160006814524175,0.0
53.24257143769063,-52.237327093430515,-23.31210962111479,34.80023372828142,80.41537933861123,-13.552404426837624,23.653502894928227,-14.377465045347098,30.571401382505517,25.89054377462345,0.0
-110.22314139618327,99.03837933997129,2.148338250987651,35.484340086310176,24.809860247413123,-60.06179309714816,47.29040704043823,-22.00899925107287,-78.5980940110996,-24.13827346127341,0.0
-26.57210495120884,-44.572692888980164,-34.77567799356058,10.193242153127294,-22.484373874975855,-57.313866125723635,52.523898641522486,-44.77709180432973,-1.646816844758554,-9.358805638433006,1.0
38.059950068284046,-51.747277509995,-8.524330387458276,-40.00216201680963,-7.700770334189595,12.687455437907738,-27.686990356659276,24.376303229513713,-2.55465128504283,20.01191724763811,0.0
-3.6745299646139795,52.45116856626531,20.446175055583744,-61.30051227210452,3.4716137032218364,-45.89269926734572,-26.925239197391022,0.753121463576209,27.36125808194454,45.75542843395674,0.0
63.30120535551254,99.10280620978556,-19.851308829094204,-191.90659932074198,-25.827292417936587,40.147080266574505,4.438191046198958,-85.70635066106503,24.189628098216374,7.211130833133546,1.0
144.42241858378821,164.99196003802638,-92.68766973251903,16.851742572507586,-63.4933361833429,90.50352291183434,13.160494153593572,-78.09987317897918,-63.830294106093675,80.71154274412935,1.0
-36.249896922955365,100.6984591369478,-32.39816367581414,-155.38605854219517,63.04145860259444,-11.014451897403063,21.61810495297364,-41.00829226959568,76.25425308993916,-31.083369785431962,0.0
4.060651283616265,7.788515931563859,-34.921994877797374,-80.43075792540745,-49.86726257278552,-42.47587642841517,1.0083016155078581,9.186587867621743,10.275741833278675,7.254663165574695,0.0
58.24494794967069,-96.20184344904385,3.202620081385849,-4.241095742417828,41.765914380141986,43.224431003028954,8.833281689445284,-0.629746585892711,5.987730612080423,4.116494242891625,0.0
-115.4943310231384,4.234528860946797,-7.891681957206137,25.462374791490756,19.710927864560063,-29.865242128078762,19.624634152608085,-16.485728618788173,-38.678931493290804,-21.895698349103554,0.0
-62.190391880639325,-35.42570415585414,25.18217902216011,32.21340499921134,-17.55083238934022,-2.486431970950584,1.7799003981173742,3.9750999963882703,23.71244520835967,5.3000577941235365,0.0
-11.592521515194571,-10.667905868209411,-52.94399935994314,9.416614107645437,32.21705675938213,38.81476729077805,-26.875903212388632,13.853345302830855,28.410230368395126,39.22462510647518,0.0
31.16171677585565,136.08915549203596,20.901137305548946,29.63480148459616,-52.67617176887214,74.060645428931,45.23434637888261,-103.715991586464,14.382094140091954,34.48070333600244,1.0
-21.10375302571291,37.77950003579334,3.3810181491916067,56.781028438583526,-16.28582182466902,69.20118921896743,-3.85948311759773,-58.925641145822205,25.665112160208036,-36.870396493567426,0.0
10.208128350615933,-29.91377025176507,9.725109703432654,3.206359344740164,-72.66101755393582,10.60357025719345,-9.580238249703182,0.12740982691806943,-25.563628223052486,-16.61537012677806,0.0
28.225898059323317,-84.16675392398786,19.598448898401895,-11.533890141161615,10.7552369057691,-6.467113195550132,9.632768077704302,4.436684681343854,-17.593521807827464,-46.89699244731168,0.0
-152.6482779599272,-26.693472387303984,29.479452066524782,-29.206978754624465,-2.1845026961200817,-0.5259625099175054,18.34683693883267,-37.61375606815839,22.00226387963762,4.964497914117234,0.0
-28.316388940910823,-8.0119299185921,-9.397124257529248,-7.3667175200933,-67.1699833706454,-37.104213466011885,21.937797153704025,-5.745889810940155,35.72296134703214,-2.7178312321426032,0.0
-57.18971163477627,-87.8091365728241,-1.4706732891585539,2.563629695895557,-50.64496673953386,-51.07700974320671,49.49194866863074,-62.015272961924,-47.59384852089805,31.130423802594983,1.0
-73.65820070569696,-8.258376878726889,-11.439814156868362,-25.9618578563639,11.101674252603203,71.51992737771008,-41.16185342674872,13.8563027748472,-11.920270506126165,14.192389511603015,0.0
-118.72442058069338,34.234164815423455,68.5514186135773,-7.824186354927872,-22.419045882226737,-27.06848376618797,-16.248418902509517,28.09745839805745,22.66386249147335,10.259948567425543,0.0
-193.96098798298553,-57.47446201429793,52.43012094642316,55.98340650144909,25.70738522845543,-4.840913492032422,25.654042115895816,-56.56858253412095,12.736092455785752,-9.885251490737296,0.0
108.15823319457408,6.10100614216223,-5.327866628344456,-0.01609956451210056,12.877883765734923,-50.344415879085474,35.41760204338629,4.311568602147351,1.8465827721267785,-18.321015709909798,0.0
-109.69290624808079,39.0458057947747,5.5498191211690155,10.589045890100458,-19.777082010696777,-3.7982319705496934,19.130523946314618,10.501910253012353,13.550435702814834,-0.3479420080868075,0.0
2.525831337838817,78.09019734147259,-66.03820597440317,5.641844958230127,-29.04213747889223,-81.0554465136152,-14.890440850943168,-1.0716079695538836,7.442609841695972,6.110620590440682,0.0
-25.235541715589726,-31.644037897476654,50.815529166271865,-16.592342238410083,-53.0975592181401,-7.72024651514367,10.910185480484202,13.957856046656016,26.125684003743448,33.4649406406535,0.0
-83.59167741316288,-50.478395923291124,16.892695487279898,-31.870523823717352,-27.186038540314236,-37.10715687923577,27.37327980709482,-36.35450622255296,-48.796548571360496,11.643472257919795,0.0
-29.844374870533102,40.336765309250744,-41.8874612435634,20.502799146711585,1.7717469581021477,-25.695621366196693,-11.817490724321567,21.087999637853866,-11.47163402768774,-32.475554382183795,0.0
72.23128144536071,-7.84985851012769,2.3232565566524754,1.6465236947641686,-48.861054564208175,-43.78476548138714,45.236401298526964,-13.763390056453527,-14.217848022634376,-6.350167946850254,0.0
8.455249744046686,-30.565228043139438,-20.27856842758633,51.22128431610152,38.19194500773762,-23.994514774873082,-7.207547816593509,14.98430364948534,-31.23623981111678,13.317117910946562,0.0
13.338572140495396,103.20811744006586,-41.45424427264354,-187.48476088192103,-2.260588096770178,21.920553943366365,23.953015461820073,-55.174074218543474,55.065706676607775,-10.089214088279139,1.0
-57.9612421784997,19.771656164889382,3.924308199622801,6.966057292891079,-33.953112117661604,-28.257791262112043,-11.495093116912312,28.63048387163992,17.297939521788816,-20.37047077388579,0.0
114.32111851624383,-5.139653470397062,-28.826286047360473,-5.757028542661085,17.812576803647918,-39.62723351395387,-0.45481707825210926,-5.778370394514303,-7.164817767002828,-29.798771080381158,0.0
-54.78850923967123,87.91086721666954,107.11434006541137,27.165042400398374,-23.347135625120924,9.040425471662783,25.23244498087651,-52.597977663282656,15.303546019175267,-54.12413798442081,0.0
-9.972938082119489,-47.99715439402564,-19.114940415714287,-35.658318532119495,-30.04116112733707,17.23427803736256,-11.573982633734671,6.910556554923011,3.0002204901857286,4.446450568014829,0.0
113.61974742262686,8.265222827873092,-68.4090010946714,-33.91020314514555,-23.103690309773512,16.75258715804128,12.49694651828651,-56.539415047955856,12.585413046616162,-56.06819887601339,1.0
31.138972952425434,-97.63372193777337,-40.75859463025236,-16.60952679321512,-49.94484720594542,24.260669662947926,0.31366590627943525,-24.742829297937835,-14.253125782742156,-33.481412919363024,0.0
121.99465987637902,-28.373359600545662,-28.78744181732005,-6.92640931141971,34.427471260582756,7.444075012784268,-29.226333958768475,65.11552055751275,-15.70264301819725,15.959144440199521,0.0
-36.163773672926766,-77.39052193674749,9.6328702368909,-0.9400960651435469,5.8206087905191985,-41.44801652344914,60.336012008363035,-73.69645494385858,-68.4630177242609,-27.276594938908385,1.0
222.25192077656718,46.61036047622974,-24.18746474624136,-1.4377851128901509,-25.395915236003777,79.95191478875338,9.934451427458757,-69.15688745372773,-35.97064886836221,-29.7341074647523,1.0
196.27419556650537,82.26513114565631,35.38783165122284,32.94334159866175,11.279393533482716,103.2455701088964,-30.577917144059093,-28.656055587489675,1.1109313269567154,-9.733284573562345,1.0
126.0725451119162,-60.753912573768424,-9.546332976160292,6.79458939624165,18.687815900882853,-7.6549443640892445,-0.8461238752810445,35.496133746855804,-21.78727558328788,15.225508562971994,0.0
-59.93495806621445,-41.67609294091474,17.16269678871059,26.06144369289301,2.7773116004438276,15.192227715183083,1.856060511087608,-9.85132694932435,-11.33002347752298,-20.92639769003184,0.0
73.44033689619947,-13.738364443639737,-22.50185350523422,-18.921718367597844,-38.485808749633534,-52.00475640776002,62.082009245821,-34.8153005078969,-62.78631625181779,26.973844506648575,0.0
84.60507798190183,191.29863424733716,-45.653212226024415,23.47670042391373,4.225369921569077,42.50004500428792,24.14108364269002,-63.77845802018491,-106.0508707814573,83.90328973161897,1.0
-14.114956476675765,28.33568808345305,-59.45072749769046,66.55331784421111,-34.10817227554373,-25.245507791132702,6.414836838425674,28.19126609549608,-5.620273989361021,-12.578326431062543,1.0
17.759353947594978,62.253746889295755,54.22115836958843,12.063791705008212,-22.058728002734515,11.472848447236785,27.783961306128663,-14.662192462031713,25.285440361996002,-21.78652804069929,0.0
61.20525322666211,-30.671118550479065,47.91245520376017,-38.08661053719892,-61.65476391473353,-12.961037050922727,-10.136773850015604,45.160757595746766,0.2752011436689936,42.35123454187326,0.0
28.437315213205867,-73.36041574233289,-19.92938216736003,6.129527205009448,13.374730430457987,43.82562336976784,-14.680816518739272,16.984337877322165,-19.62725505569346,-8.38090061695399,0.0
-33.75531690189398,-19.42255806114896,43.33475560670249,-9.236056328047091,-29.888839081948923,-21.73644537933382,-13.542645644655957,20.20625594942707,1.54975151907073,29.23521262263367,0.0
-24.382340001788563,40.707149984504966,-60.25192930866628,17.994592699745635,-4.474160498474551,-18.80133924780773,-10.71135142563446,30.419220397741828,15.85141976645794,-14.805829412935015,0.0
-42.21581285953804,18.31182070312526,-11.177182976898386,-32.24324910006849,-6.30378069393333,-27.836852239950215,-0.24960481343372684,3.282525633730968,12.91540722498605,12.549608064726923,0.0
33.78650347238914,18.384960958411902,-58.216723680027066,-5.151337858534958,-29.78564853732372,34.71810024453745,-34.20571979246805,5.623567953082352,30.948375241508142,-10.456074986206426,0.0
-27.72659085639603,47.777730428287654,-68.57409576490265,27.070544311617773,38.38860792217374,-4.999575045903477,-26.02811742967074,24.282212987030285,32.69421146646534,1.3169783792425793,0.0
83.73124587579197,-47.97483071058312,-35.12247603682015,-40.60637593026825,9.736086329463411,5.149516030168413,23.330195932691893,-59.84121014380047,13.278995460794517,-81.4353045869517,0.0
65.9437932662763,-98.07309574395437,-24.244869187559782,13.403165834094834,-4.818743168741582,-3.350993003558454,-12.093176172457243,9.50035863002034,-5.61810783846184,-12.780302535609538,0.0
-7.276214870202859,-21.916295205769767,-7.943552356095543,-13.052784037585274,-5.458438347523918,-33.434585901175566,-1.4594967580371083,0.4067958545420097,16.61043422306826,19.587206936734916,0.0
-97.48413183356651,6.149070495360684,-22.045266960035303,9.753143382743,16.24641092776267,-16.096500279435542,-7.498238242427107,-1.7175631865290668,32.72680171479005,0.9617442890432342,0.0
-111.35059994272623,-52.29186529490731,14.901026735189635,164.38866660693938,-73.31300591554049,55.29891458416787,-42.44802704838817,-3.873957837733203,0.49527552170030237,25.924937181632306,0.0
-51.15447350572707,35.025471997647855,-25.065860384877578,22.345884454159243,23.707022089424942,-27.802576065409845,-3.084329941105023,15.557837466162777,14.860308359639426,-6.714093743705101,0.0
5.959801792793959,20.371388159658093,-50.09709762214243,-17.797976592476797,-2.218786391945397,-40.700046559542486,-34.9116853011491,8.970779625337515,26.988186556033494,18.0471490908991,0.0
50.242973926631514,-27.919913365169453,-45.654047878053255,-2.34238946750831,-7.360478296200403,-25.286721713405097,-30.465964810814004,22.7782839486757,12.994254309045482,-22.02038500905763,0.0
58.98050326191793,6.8661746492035585,32.87476515369178,-11.67941159521355,-40.11112650768449,-36.19343953510039,-14.695301211160954,36.878960798241835,23.082856299247553,48.30178181582605,0.0
-28.667520025743855,-108.72464560366186,98.07408452946929,-16.984956886574874,-61.34807585304455,-27.287408647216512,4.484167713628369,2.799433414970289,11.152531061704453,-6.4836212502845685,0.0
-27.035930021791987,79.4442644952771,-23.297908860158497,-30.31738920834262,-27.226794137013407,-70.94961433114915,-27.870785395500803,39.39186873667355,18.648543816663263,-8.0790852531058,0.0
-26.58851300326494,-11.149652399605255,30.247054634827446,13.900385920260536,-50.54480836175875,-6.958115260778591,-12.79808987264536,15.17768225029771,19.593143791801612,5.365267523945354,0.0
-105.87069524083756,-11.761646404405042,16.786252322246725,38.700360195231546,15.41453656796074,7.803994917518826,-5.091524907042692,10.736380855310008,7.6872584479208514,-23.674158845122157,0.0
45.27271151733208,-40.0280097246188,49.40301448519685,78.06018405385906,17.13726779221104,-11.840647350677626,22.436222298822802,-6.56399166939386,-15.15946000350303,13.653277856520736,0.0
42.377651472310205,-172.54716259616916,47.06051683059392,10.880427402730511,36.8839569366089,57.14679107326881,5.807334013657112,6.592416014022208,8.54178414725422,5.4464540907791745,0.0
3.9000303432461263,-63.21781446375914,0.03462653413490283,3.2421660677166635,-47.80746215885928,-9.223357226676262,9.007182029634263,-6.224682255066674,-3.925775636218738,-11.942055443003326,0.0
88.76893664677854,-64.6770317280761,5.662629512117652,-22.540266363578112,-9.901048218899865,-39.812140443992774,-14.183432259877257,14.580617629130089,-8.482454632455019,-30.18278603177,0.0
109.07306406986024,-79.36857493585616,11.16150255213234,-113.18498132769254,84.00111413134948,18.31610579400214,-5.759871741980457,18.457637353456153,30.365556173768454,38.83208189453647,0.0
151.6056180889058,22.687201314303532,-7.5939153482358135,17.30929081321459,-44.59220467342681,95.00826521566451,-17.24908265335122,-46.21503789335583,0.48635727537114587,10.938306050002563,1.0
-84.59689471175226,32.11309923867436,2.552701824433418,-3.301269816377937,-36.107791146258954,-39.494559820193764,-13.329318720004919,6.840623416815944,9.006719604497645,-4.232866052219503,0.0
-34.84110062522009,71.99643679468343,-25.58903378437936,24.362287397775344,-2.4529308610413314,-27.2951304309176,-40.16909178402693,38.133508398184816,5.260595610078103,-6.568974443207276,0.0
-12.773510451977536,2.907659203741043,-17.0249979346763,-14.675020261078537,-28.83005979595024,-46.79650076908244,17.758076877364847,-11.313864368166097,-52.95628058487661,23.74841994607397,0.0
73.09381381764729,-12.504429795544054,15.927944598602952,-49.26362027675172,-63.196527042545654,-52.976879720623266,-8.615718794924776,26.51005897519335,-1.5432589234475345,-26.077587188248902,0.0
99.93450844716894,-40.45564152336602,3.9694652432238784,-6.214326442152001,4.418038893965216,-3.4147596261577844,-8.047763975164179,-25.512406799707293,36.640023653621796,-51.49621646485495,0.0
-93.21279970607966,-79.33785399254108,31.815631297619554,40.35641429608646,73.30158540820716,43.120378154517766,6.953315454035877,-26.338835090533944,-76.73187791194329,15.078044171377647,0.0
-94.7917256788926,-52.67407122415317,24.050439237071362,39.03793920233409,44.26165702909386,46.89578225529852,15.956231824884703,-12.331508938461974,-77.01900379845614,-14.030513210831803,0.0
25.009748564599416,-211.4298375431137,-63.713917086059666,73.98196516242079,102.3712767226715,20.876907287437753,8.255061558057273,-28.49319008664161,79.6950526887508,5.692804109406592,0.0
-15.618810695072737,74.43418425806482,20.87542236489122,14.06980358943287,-27.026144320084583,-1.2877479955153583,43.23892972796596,-69.5933329030678,48.59689894315893,5.816394790144537,0.0
-125.27647316350732,20.777258040292693,8.165389075912804,-6.328009099270416,3.416221752485965,-51.024856062527455,7.40535885612676,-5.659166218503252,-56.313155772113596,-2.738415731615089,0.0
70.02616500297772,-28.630625799457107,32.0212980544143,-25.765534967596285,-37.12903835063556,-92.66425418821315,49.19367018844814,-26.616750811622424,34.66560075408115,17.143035573244248,0.0
-171.8041608410499,-251.70349176482543,-274.4103284607216,96.25633868774456,196.4721601808511,-50.77375852039627,61.62096074426519,-183.54847764319524,220.19810846784884,105.6710741820144,0.0
-12.812693325754768,-101.61515439309957,37.50939513357737,-166.7558386620732,95.7958732063917,63.086501005770224,-9.270863598327889,5.833903382786552,9.124421808744568,16.353232978535072,0.0
-28.68733512001097,-131.644804819442,65.03659760883788,29.385720030036158,55.86131884203373,27.21071330688743,38.18252209523496,-31.00376753276207,19.879597383285244,32.1940022858507,0.0
-62.266288739125024,13.661807709206853,-31.22063177907128,-158.25903516280815,86.58270823327436,-62.37274020165111,63.7024231497246,-45.518409342711486,-58.953042123724856,-10.079719821200886,1.0
88.44323956917927,7.362498883641186,22.982968474010537,-39.9435043489312,-29.35666945475447,-41.98229162383024,-25.30173522277939,53.22031510547283,15.114309837682931,21.657408415517477,0.0
78.02564811058572,-50.015176852562334,72.04146352350882,5.681656879454853,11.087948107567323,55.6611485718937,-28.88222294320543,-25.306851559102583,40.179923556179375,-4.716446436837344,0.0
174.74887931019595,24.523157772065307,-38.334007147982184,-7.509399582445168,-12.191213963920198,75.21326683376034,-11.288458876174701,-24.778500948783265,-100.01096762998392,80.04503603734103,1.0
51.517004108754314,30.16293069655019,-62.56092259120658,-21.10291472347328,53.59686137817949,-39.39540158619675,-34.18671678586355,25.100672712967636,35.7041197734399,35.59507561366358,0.0
-103.98862226129918,31.4967763124621,-0.10595171194696915,6.846892245707493,56.16156429490599,28.997195206910877,8.745289524416165,2.7606016619681877,-50.85067270259954,-64.21668789799303,0.0
66.57636697393305,154.17178024661197,33.08398936137079,5.0230043568632174,-73.69733826761198,29.430344618449514,17.189432127163766,21.28087932962664,-59.42511105503166,27.556516385921338,0.0
-7.075159381599014,-60.69222725233433,78.35148054417492,-29.55288029052443,-80.28860731499519,-35.375627207295956,13.860884260020168,10.173581313970281,-12.497042231028454,-12.422243396328325,0.0
-46.43958486050992,-9.21731273412741,36.31089105499307,-179.14783638344736,31.507317651553613,-28.36628405804236,67.54521622100457,-29.795966926833298,17.98459229174428,-16.324275275671454,0.0
-59.42909148269298,55.091266459159186,-27.96915018828714,52.06716741302518,-16.455896104350693,-8.818359074780146,-5.0211834769660655,28.491523319402358,-7.9563789187836464,-2.196843867724474,1.0
-58.529421215024215,-20.803252718934345,94.22675250796298,-172.63434323615533,52.52457831518302,35.54935346918054,28.01180344596341,6.971949379861148,-31.224644651712225,-36.54713738680986,0.0
37.805347302772724,47.24406391085092,32.52425554075063,39.31467484247364,-31.942989458669743,-67.3123454801411,-15.476382848275357,43.89510684971121,17.462643884317917,5.578421591623924,0.0
78.95056757308873,15.411139826702565,-83.33568115159355,97.97261899525556,114.72844220046946,-71.33420367720862,-7.538202174836006,19.001641999087816,49.04347474065869,-4.611803276175581,0.0
152.42891744532506,-64.83105712508579,-137.5976079448591,17.64775909365986,9.197756530252407,-29.943129824769276,-13.775727091781246,-16.37382468862603,2.266394927465632,-100.3262681761769,0.0
19.94583146736015,-25.429318805109272,-9.425338911398711,-18.875112627238998,-16.38575197609154,-8.622761293431806,-13.803376125848741,16.26010693231246,-4.943412163886584,-53.31082993431027,0.0
-40.419268031852575,-3.588975367614402,-65.94447501133462,5.544614672231843,-10.990828889004549,6.125972564163749,-5.131684986586866,-21.170622559569903,-45.981335448871256,10.184242204482135,0.0
-61.91960247646093,41.326525792081775,-243.68502777227965,-37.575538539157854,-17.424938487116428,162.12638617430235,336.70852940954984,219.94818897768482,42.3636014117173,4.98893143083407,1.0
-46.350992055812156,-26.043026846923016,10.546416915946391,-11.936062658408812,-22.74080797455461,-22.65270559961764,32.950121593806735,-13.139755565154244,13.517274485812264,5.472330985580513,0.0
-98.11460953652302,-38.61202256947365,-56.44271483373361,44.1608474406555,-6.022864703038717,-21.34515798774086,28.2615856730499,-32.807126410662384,-21.25309176071915,21.22629115800277,0.0
83.39503967939042,57.102549371676304,-71.55650150447161,41.42136449505,29.068498799969085,-27.902798554498073,-11.528323544593297,49.23502655555018,-5.43747773561625,-8.49970385886151,0.0
20.703740437164356,63.922221986882676,-105.3140314455426,-45.620389072576316,-56.52008983831176,37.193028888395105,-39.43940462160059,-18.353345400311596,-7.309209126688789,11.486934681094095,1.0
-63.2891815065685,35.35605670205804,-67.80748170949241,75.12553179586236,45.0487047741133,-18.51057727995536,15.689910838099875,-15.037875926475747,30.072899043372807,5.131788294474105,0.0
104.86071028989781,26.83811541914947,12.480534422850212,-15.910563290610963,-43.716484394491225,21.57858978184837,-22.639700903574738,-17.84446504993441,53.789280254528094,29.950559029852993,0.0
57.048162054625855,0.980415033929459,56.70473678690123,42.37327852095436,4.876624509305467,-85.05790436250604,60.614080483321445,4.337709218841388,19.73785329161155,29.076373129407827,0.0
77.69402044531289,-116.04346537043169,-7.178619628448195,1.7493104937406223,8.323324812707042,23.25323556501177,2.5046669057810385,-8.817175441057394,-20.80437590217686,-22.748451485824766,0.0
-21.26501704773151,-0.7682766307468447,-22.583732483741272,-13.297727511099314,-39.97696896003256,-31.46436533440432,-8.288760080331294,5.796718076794901,25.592133866427194,-2.132284408297918,0.0
49.070047820095404,-29.159490281324832,-8.511743343348288,2.8244224350659253,-10.498263636965094,42.70828213499214,-17.160448422469962,1.8472716371974323,53.140798259634174,4.144666019782199,0.0
161.31374662141042,-25.79952523007231,9.555414323514626,25.790656307436297,-9.919714622677917,14.79215572436818,-3.2268602584670334,-11.510854389287479,-78.94800185989051,-32.53199562514513,1.0
7.661587201927826,-67.5798061813405,49.59202840444523,-12.13348549724851,-46.024250798679326,-39.42669238084705,23.581911445306925,-24.370120606001223,39.4480464155436,46.95844061940106,0.0
8.023219941892874,67.75564813658774,-67.47840707211083,73.81336913537703,3.2381733907824435,-70.00836795040817,57.57255285105094,-69.73347069296301,-43.328290622781715,7.930775119913679,0.0
15.97546891668806,-84.37748202212471,35.328469542310714,3.6171918326280172,-4.4485001446311,2.010167616144113,8.574261785179548,-15.039744045116146,-51.29341947448278,62.32877060496534,0.0
-72.48187195902999,28.014058225753768,2.520446758087728,1.0724915405166306,31.411568737044195,-51.66738850591717,27.374110363222297,-23.45984328053594,-57.411482626320264,-1.2444073567845226,0.0
-154.92396273594517,76.51854573581764,24.956241115125586,86.10695734399336,32.92601175271931,-23.95595325619162,43.52484577993936,8.46785900228128,-20.72880059413252,-40.58348038153714,0.0
-91.2597730666422,-9.241297115653014,35.21186521458316,9.999573892868092,-0.41037558905964866,-17.77055495583092,32.06343413566273,-8.857511572041435,-10.242901279876198,-33.4252243545769,0.0
-68.23920961980284,-94.51986578181787,29.698587987678795,-0.2648513736126884,64.31830726354443,68.7523667618581,-9.093351113971995,-20.021358866990965,-3.057484263694936,17.93390776252636,0.0
31.153297371820788,13.664150306532145,15.015653991023013,18.753515022008877,44.29520647946379,-8.371540564373081,14.29388749351391,-22.142358480436513,-8.052685089810376,2.8696099974018225,0.0
-30.026472321959744,24.727179758717128,-54.99211021338772,42.92882887901408,-11.04554778937305,68.59537396773227,-37.629832495603615,-1.4838192752119284,20.984391817127335,44.9368688172853,0.0
-56.10444179128172,-20.108814605487023,-35.64748591836006,-21.08952485675091,40.45756773604427,23.72044314938583,-4.295100655827593,12.703661548850523,12.785706662126982,-7.450875376581476,0.0
-89.48059137187452,-38.89241062372494,3.533649600200333,16.401568724719304,29.819016472904355,67.32920846483947,-28.58559456124688,9.570886775265004,-2.0386049959069066,-5.854176111527045,0.0
18.998432531265667,-10.479599632816383,-0.7816465739142908,-39.2777936773391,-17.58002160526333,-26.12050339511,32.62834453141263,-9.549144380350864,-74.41141075321065,24.591786616912156,0.0
-63.95331770567168,2.7226657101549003,-51.671649499654286,29.241096824657962,48.87671612517704,19.610371546131795,5.855528336189154,9.650275845139937,14.215941286053733,-24.851583584980684,0.0
38.30528277245338,54.3183167542417,-49.45005255534602,3.1578996058974753,37.041142072317214,14.907805393753147,-24.53880975226903,-1.9134481493389126,44.38943777863382,-21.87331729129284,0.0
-12.02059973198684,-4.450101806714169,-42.950666126913674,-5.7655117979745905,-13.264358311210877,-34.68876383515257,7.204054806178677,-11.587063443752015,17.036369921737904,-4.176926863638408,0.0
27.106207977366058,-27.824339219794126,4.072642776060247,7.321069552613903,-7.540088780552868,36.057895188296996,-26.266894966130298,-6.785695611242374,40.93092557709604,0.5129758082256054,0.0
-83.16434399327137,-24.861164074419317,-34.74070913923169,5.161729036157158,15.73251001224078,55.51996128073663,-24.86703109453191,0.10781526262487255,6.912634325261701,-17.471457550880913,0.0
-78.67734850694016,26.96216563892516,25.49923893959217,17.577027215421904,-37.25050868123356,-2.9954306279878296,-20.038934350032807,-4.3750266532604245,-20.124759598138144,-17.98371514035296,0.0
-62.27761207061918,-27.882160963696897,-15.993885289995804,-10.69034336404361,58.97250552252882,29.97070544739259,8.940629016192034,8.175233607579523,9.287462897401609,16.03110506296915,0.0
41.040388005677215,-102.56619299394944,13.650822916457749,20.035436762329397,-49.55641556781373,-21.880811299383062,10.478768985948866,-9.069496050980879,14.158708377601977,-1.0653238635664297,0.0
-7.928699056224166,127.1400475863392,-120.3800730651339,20.613352350924,-49.38858467531677,66.29471346574788,-13.27005941952532,-7.442128379017201,34.9475909890379,30.03667939100354,1.0
42.52012139572792,-47.979870457270096,-2.4842980080950445,9.327165494122434,-59.46262161648803,-29.567622886356173,13.21553737416308,4.030817452760793,9.468323540428457,-18.30795253905991,0.0
22.882684309424743,-52.25062404760589,58.068499702487834,-134.19593015654684,23.934083639591996,83.76494956113766,-21.83893320772019,-11.885824066593297,40.904839187095114,8.001114123588955,0.0
57.917574577361755,48.80717548500565,56.48127842796472,-23.522693497325672,-24.22320437680651,56.78348665168348,17.190061352979953,-68.7489934480129,13.234088617670583,5.174430162027093,0.0
2.2309593341860148,38.61497085407088,-30.84446574270094,-61.7723833576554,6.157242474987366,-51.16554322985848,16.83822417408387,5.6555287090898885,-42.688537712269394,57.41082586429018,0.0
66.61529365195446,-59.104499422658385,27.952088009663477,-98.92751331823824,40.91101335474442,28.011598424287293,-16.782965553139558,47.12721108255424,-13.421546379564576,31.3356610750933,0.0
164.8793037086048,-20.210616678068938,-94.57963153049967,77.68355070439186,26.45004938144104,-20.285749582210798,56.47572800709391,-31.806893412560207,-89.83486583420905,69.3236319946178,0.0
-30.31777216717112,120.0233081587169,-67.42113270515738,68.15250342985954,14.481825751635984,-37.90123779441902,6.257973656130828,37.92275467177963,-3.3301799328415034,-25.046748863935335,0.0
192.35323409617808,-33.11089734123791,38.88139541660631,41.667019544563125,6.100778186244498,129.15987662700005,17.447600419164075,-49.88100772581054,-17.918287494776383,-6.711960007935362,1.0
-46.81562224897166,40.41550586135254,28.310404812459392,11.782183941532763,-31.594961772840684,-27.692122738258004,34.512512523485505,-3.2209173186965443,26.97770231528892,11.25785959829037,0.0
10.813788870701842,-25.25925125115727,80.07882892907955,11.479774983599448,52.71168611870897,30.9811558741741,-43.64321792070789,24.552308894202447,-21.275141023237726,-10.765546456520507,0.0
-38.606773482513894,60.55081647239656,1.0445301683065829,-15.169775968424803,-54.01910499402349,-46.71888907731845,34.71770932672374,-7.0059467236436435,-67.75915722119349,-12.309936205418143,0.0
-78.27947407074089,13.142130450839174,47.046247813993965,19.707078968685213,-25.691551404872836,-54.95244662040824,-23.210780734445787,-1.1577772097131025,45.256441300935556,37.31032623053093,0.0
86.63764532362926,179.00180093958176,71.9167448418147,12.409521208929295,-12.966649875948677,94.00002809178622,30.717398959233666,-78.92900930058445,-18.35268275309106,52.669906566510825,1.0
79.77723071345606,18.713418979031108,37.35374826363223,-53.46517088866238,-21.37688677451315,-35.06895965703776,-6.0159299544989375,52.757265616675426,12.090877191966632,30.64074405295316,0.0
-55.10193308916868,17.77594095404503,-44.64861513196515,46.945624833358906,59.24497387198361,-35.090097888057244,-20.884870216432105,4.953702723515744,57.414037955372415,-20.803867803667398,0.0
65.2023495387047,-74.07947740873955,-9.360174981853303,16.04456507543689,13.153930938100963,-20.097072082271506,-21.404522170034287,30.55936611946422,3.9907659157275424,-43.682262223032254,0.0
-34.37838329156834,-124.67043874691785,64.5021494424788,-9.533845096177751,11.032568244391499,1.5511917043092796,22.75984653029583,9.60964726688199,-29.098716703226913,41.29739856049597,0.0
123.27553999435956,-12.96226891643668,-60.515131272191965,26.12484656217055,-20.165389073849916,-37.80901556298737,11.419176103537298,28.03328003525432,-50.21087779515784,42.83774781784901,0.0
-99.53987381632263,2.1109527162991926,19.505389554948728,-8.485122891003288,37.048021005569154,-35.16314974819897,71.85791221262996,-80.69059917393993,-60.97801222097221,20.999833245708782,0.0
27.780959022636385,25.558471340006047,-94.8071004723163,39.133547951923205,50.2639270495866,-76.70093641689238,24.353880514174328,-34.33054306267287,-15.783109320483277,13.678784878800236,0.0
-3.030484440255866,44.02401145261299,-35.459913209004505,-40.34389577610885,25.92699878152447,-31.467109132110153,13.370592015081762,10.21690036391485,-65.96011709689049,-9.055274633935221,0.0
69.68581969920056,41.828985011084825,244.99284597970154,90.75971246754601,93.26827792467256,-83.1497479125395,48.17363867718805,34.66905647147262,10.256913056515426,41.92892019536101,1.0
47.05987179141954,65.9152194388712,-19.90565865513063,-9.268850457941827,-70.33811518419554,35.33248968741019,-7.838312334230199,-40.5008699430278,39.528764609729464,-1.2446153471490877,0.0
23.72861250905027,42.34460769088399,-12.756036231818848,44.48244969233529,-24.915078100738793,22.778318020457846,31.46785156536802,-23.334197137623455,28.391286796438997,-39.12775064720438,0.0
13.329381539182494,-43.62546639751441,30.622962547066166,-23.205784786137826,6.796455534077396,-5.043211835688632,-15.43247375443019,9.365776306434878,-46.414615547412254,35.04479949088218,0.0
-78.60250335368714,-101.31621695837121,68.47164408649444,-1.4008575431052634,49.80660729075394,56.73024915853487,39.60604804051688,-32.721942571900286,-16.49234109598874,18.41737400787509,1.0
83.26697868234046,-27.83075072891616,-19.646149915958723,4.122859130441195,-33.506252870745165,-46.65009928134542,-28.57660500856127,15.408118677467135,-4.785006394118608,-33.307280332845444,0.0
186.01176910724908,-35.546329671077,-34.62524624307324,24.453087813461885,33.832743484495126,-28.368038308261855,-13.237310895669314,45.7474602836432,-23.90379321911182,17.48868814132959,1.0
68.65915926148406,-16.36739661442073,-33.59870173433604,6.338824312839551,-74.52959817786879,18.515403210677857,-17.385425844399375,-14.283910070475049,20.966173000170087,-27.6803878901872,0.0
-26.6370829246693,-8.571625726264875,-19.73329676209099,22.99470489786672,24.446119865970076,10.172802431355883,-32.703484152545784,22.53579260054959,25.98244297371141,35.89974620551952,0.0
-9.407055888377286,-1.8204819146216586,-189.5619712779507,-11.082439148473373,90.76639136652871,25.061979899905108,-63.49932776829502,-9.849030442106816,64.15113789650708,19.93288455741889,0.0
33.804433820415184,96.61112185055818,-86.73924097959012,50.01432826078361,33.91287179304516,-2.8682693911170434,20.331620435338266,-65.618337493205,58.06989244928816,-24.91200071184523,0.0
48.18488798580075,180.82492784002898,-47.28580877282203,46.69108262651693,-52.111920851565,130.75616399588435,-17.676682894408476,-23.63292237633411,-35.692211396088,11.5851385608402,1.0
-70.64527940542865,-0.42524475688958396,21.489175099043237,-6.8749917461280425,-31.073259865797368,-20.987206284121083,33.41665420480697,17.19635472033589,8.795123685161974,-14.152850515031346,0.0
7.897339227174929,-85.47494434806116,12.7609952342058,-16.49703189620651,-3.5300830302156694,-7.252440723107262,17.048178035893546,-9.677362225002376,-24.304556433191525,55.698669167559395,0.0
-73.28058253951097,48.90924863284675,-1.5260826442552349,50.387375844693516,68.40606966471601,34.46979029889404,-37.70446518339014,54.891260967948746,-17.361184554826185,-46.14253417630763,0.0
-32.35253351067856,41.444237778853385,74.19047003980609,1.088357791205236,-70.21469611253006,8.928270807241246,-4.027340347561092,-3.798536470047581,45.6719633654466,-16.893679194505957,0.0
-20.90944573240187,16.841269181811917,3.1023712474239664,-7.852136477026562,85.40985438270816,32.51815506099077,-4.270709903271567,-5.92874908389245,-17.613767485869317,5.424674297604767,0.0
-52.65738712157079,16.54504310701406,-28.160690750621804,-31.113105799767922,-21.388884334672568,-22.434292057596558,18.448267652676076,-12.12459446925262,-68.70848487257864,13.200287251805607,1.0
175.3423000916785,-19.929279890323013,335.8971186026038,8.994980061106332,150.23768077493983,-142.86187522829667,105.01294114132317,95.58988379243858,38.072325785034494,78.2450806263018,1.0
111.70012015195985,-60.63304141641888,-8.964461520420636,-81.46048426982061,-75.56935138713575,-66.4796267228651,56.18921537204749,18.888011427831042,-26.523807476577268,-62.47338478010498,0.0
7.50611750500046,32.355167375719034,-17.50484779364091,-12.546203447795772,-47.37707534804561,-28.767886965929492,-16.42943097853138,11.282760959430657,4.369152730150857,24.214194384241246,0.0
-115.00247415302151,42.66037504767454,24.231643282375806,30.782093575899477,75.3407187003712,58.64831312778756,-29.677335584292905,30.718223965153022,-18.659520709637764,-29.940943235600464,0.0
-61.362386083284136,3.304859734756779,-7.956477491440643,-4.248019607028542,-29.192403532306063,-42.76882105619641,9.141603109063725,0.22466566523008402,29.18702365714086,1.8066134254279544,0.0
-163.08147979345924,0.21109178099756815,46.38733023631342,342.29761984513163,-170.96107459316647,42.594783102368766,-19.14765520708101,38.625890669019114,-22.024895155619088,22.341871787644575,0.0
4.432959942816167,62.80904342380419,-100.81558400419121,9.71374341985024,1.643124255645284,-55.50040080041908,0.35847886525952094,15.112352676768438,22.825808812360155,6.863020319275782,0.0
185.98834071738358,214.17404113492648,239.97083569986864,63.37093020918749,143.79649450375643,5.656921467146533,84.91672446478287,-86.31946415382518,37.37456824001463,17.656283922168786,1.0
-59.32878559587644,-45.77956738018352,-6.963933432549136,-44.48381060925222,-5.727326526738436,-1.4051570341355621,24.238241541538727,-39.58039830060306,-35.708692121282745,30.89765159446715,0.0
-49.68650046332144,15.444459138236462,-54.80308701267474,38.57829971791754,88.8431012205223,2.142518283799092,-27.25664178217911,-9.282201386443292,82.54408100031917,3.467118974794975,0.0
178.62721070021453,-30.38819071184207,13.946457741443284,22.53054596456486,-4.9836855973259,115.07310947728058,-5.847507095839244,-20.67506539732061,-6.537640094064869,-8.076478176733435,1.0
30.640029168557838,17.054584803953485,-62.66941910579765,26.601387384350947,-22.50473764219374,-52.91922036842856,-10.382651986790378,16.24628199178267,16.729215460713878,-13.626305759685403,0.0
-48.08676386629231,-5.97692517345857,57.89602222485935,5.745277057688075,-6.4736755554800425,-25.313649806923085,6.629313841907589,4.333088194380961,18.320212200817927,-8.084993872394236,0.0
-71.32989046582904,27.654451681619054,-42.324462832810475,-32.77355806432844,58.55845671330019,11.911447234010263,-56.190255894235555,2.8446120548324285,-72.08544947852174,-14.11620173156108,1.0
6.2137562652082154,-2.969693533166991,58.89467692077527,31.81552379617668,-39.25655423841127,-4.972877685581324,-3.3952748076182386,-45.092524357437036,44.2035213150912,-36.45931268437232,0.0
205.7271794018663,-20.970498582411828,-161.7804549941389,46.937263585672255,24.93821216077447,-4.414106935252135,-28.178185004985266,0.13984293472513906,3.2420095818095507,-42.688686639070006,1.0
-101.21695228443893,-69.00895529878125,50.76726224474817,8.314741111836998,-39.81713115589158,4.581149248254136,1.5964899312889729,-27.808818894239714,0.814020766111666,-14.466411251055568,0.0
-83.9542812646726,59.69828091255786,-18.896230290989774,-15.729172605601839,-19.45225838225844,27.55155216341207,-45.73323066666767,35.07105411525013,-8.62560668984836,16.865234220857147,0.0
-78.70073601586583,-23.15298481937366,58.78445138629662,18.192614301118187,-44.84790133018565,8.10101344400474,-13.178550224078075,-18.086272207148674,17.833958577532087,27.3314799270997,0.0
-120.62253038288904,-106.83452825446945,152.72402677942796,5.32420664938284,-13.162442083639789,19.805827574908694,14.93443704660512,7.379099658942895,9.694729747197831,17.70090972797438,0.0
27.094404544315903,92.69488383078652,-68.83059998146577,9.307673949037753,43.16919178282212,-72.1885997034065,-27.797966518021934,-3.539717540550711,31.87973390099486,-6.223548341665826,0.0
14.193513712164366,-54.6008248213379,48.35828687851498,-29.80939420126981,-57.61212489992319,-26.642317630666145,-3.8621552689477303,4.854529496675354,-9.02417357252988,-42.241868215370054,0.0
-58.00442398055644,-87.91088654443892,4.241485242967204,29.22234739263623,23.540454099328333,-69.78396884105067,95.16774776799232,-97.25936364574105,-22.29327152632568,25.28423152791981,1.0
27.348064277625042,-82.83310352653407,41.5795188482223,-29.8097315096974,0.458374395456518,-9.887763729211818,-12.609092436117347,0.17493455399524852,-8.078163398132228,-36.12203119737571,0.0
-96.50365631276753,-11.316876806570512,49.6321841071859,38.959415746619825,-9.126285028400943,11.173023482484458,21.260160871464176,-12.20002481646943,1.3406646879047734,8.929697699093241,0.0
-62.17923421056467,37.88215899527574,-58.246197577193655,-14.202101886923819,27.29005926043182,-32.83651729780427,0.6694246293089792,12.09361805843785,-0.3611303304877116,-14.881499767210935,0.0
-85.72235097630212,91.7656550353049,36.22358788604268,6.188630521868047,-71.39139189602521,53.62732183908673,-26.885972292278485,17.264251427690457,30.07208276169205,-4.802304940350133,0.0
-54.464361993679475,-12.720710698239312,-52.47783337986255,21.347953363412316,15.633415698965997,-26.1265544926183,26.609272194732092,-34.84187622230648,-37.70351615964846,9.627388017336875,0.0
-57.376978571034805,15.700225026138828,-16.680198534832247,-3.4810608945509953,4.729024929350268,11.312613876663066,-0.703108534440352,9.3081306770995,-16.955356679948046,-9.547693812180333,0.0
160.17125557670306,75.16955150448868,-39.57309915337044,78.10360339002332,4.155710731150027,51.20363526758827,-18.599050169853196,27.376065566200815,16.64817319083854,-7.015174548558741,0.0
13.316347578847024,15.648341954879555,-55.202648577611846,-19.97965783218213,-39.39267354943485,-29.84820638833885,-6.6877055043398785,5.767308268784721,-27.838227599648093,41.9722629926763,0.0
-1.7927907479533167,-35.455133949363415,3.9664275473674504,9.068089852962814,36.54827549131381,24.335747466623413,-28.37782653630395,38.019784573263784,-22.108753879584814,-39.802636921110945,0.0
14.791242978480492,58.755111948476426,-76.55314279600326,-162.32592927591685,80.21440368604725,-19.973775562537973,22.4547738197948,-2.7822404272218333,16.46031196989561,-24.627706016996793,1.0
32.429074149940575,16.82854866317181,33.70893459317501,5.074265736589533,-43.81708955102693,-71.69273963194085,-17.25822422918026,31.956551529709348,28.015535046876344,13.292528999790717,0.0
-48.828901866112254,-1.673167014311169,16.61056620662028,-0.9641091132943365,19.87838766287033,39.54367394199481,-39.06142969853333,50.44764347813516,-1.0430924495057612,6.704531229097459,0.0
99.3514561759936,-12.346744747211458,0.9640893597104593,41.8463964778497,-44.438788376419204,12.938412555746513,7.4629959564549075,-2.7724534245828267,29.225092379558397,-51.57118671096162,0.0
142.93866717213507,169.20328535837572,160.1742237292984,47.58119667200852,153.2167736104849,-9.279539202460994,-89.94464832936482,134.84042467694198,-112.71974330154644,-59.57045895784237,1.0
-69.8989693880392,-21.460666795226107,62.43605187506655,-10.962872784305098,-25.64677125005375,2.790469079077777,14.6904795872704,3.436979099405394,2.2226078408159684,5.069329494523453,0.0
-27.650284808908975,-21.131615728787043,19.395143271376465,-10.010430688133924,-40.27932564814726,19.613010814508645,-13.375906364468193,17.21971834731075,-6.876007159775578,-26.33981059025004,0.0
188.64018294436542,-35.05628600798756,-73.41120431668858,60.11436673392113,142.25443329010542,-55.57522503859887,-5.046665160554308,-19.288359264673367,-41.70744925079008,-77.75014540084058,0.0
28.84756065893378,36.474131640673235,22.84249064204767,-155.7559978018972,10.2636513671805,-30.345642902052635,-10.617395636928475,41.98971818562245,24.33581562335254,27.093208525208333,0.0
-85.75510855541165,-0.9775580626803719,-74.75548879337376,-25.468956534261736,37.81499929396794,1.569666154457394,-36.22519096575278,-31.014416970965648,55.58586855343292,16.045761943760482,0.0
9.50207493178248,77.32018621246793,-130.24802034700886,20.813676505358597,112.3644063191711,-23.64152482572993,-39.271438303604015,-3.274563072735737,-32.79559532109027,-48.918395407813136,0.0
-55.072779250697934,1.55441210579276,-0.21016301181635397,-2.0153191834485047,7.653315715580886,2.2498465695729477,-9.294973545267876,2.2291765380303366,8.97590382549272,-2.9342679537390652,0.0
27.923533362847934,-54.69733242348504,30.44948571253379,-20.64518449423068,53.963666030541994,68.99137534806316,-49.055313177688966,-3.5034612993069536,-29.78489705513338,-44.73861901450569,0.0
206.58126387969534,2.427180108532261,-70.15848680788358,-37.51949873801035,-74.33426491126983,76.87773507629316,-13.447918984277694,-15.278704224942928,-8.55999072652931,17.031019932399378,1.0
76.40951713543606,-75.5888254297847,49.3634184764507,-12.38353434684256,5.76234840028811,-4.399765317504717,22.50453025018806,34.80681685109837,-18.50237916532585,47.567318471052005,0.0
-52.97208970717328,-3.42954035913571,8.645037434847023,-14.481035008217619,-34.37235650613329,-26.06613638390061,1.0825654728863225,1.2906373445965615,27.064630257904525,-1.37827724481117,0.0
-39.291023520360326,-63.63461396360365,9.506288869265687,-34.830898466657025,-34.99178582998359,17.69698280597267,-0.3540119178720234,-7.929849314467298,-68.31064080374091,18.34307393688503,0.0
-51.73674772270083,79.51908692978716,13.692122839417827,-22.249373480293126,-13.07950760549599,-44.93922702203071,-24.841329589579612,29.650308341094494,21.953306875998123,-9.363288174814734,0.0
37.64904704329973,-64.49776677861281,30.86459607773535,-12.490908242770724,26.667954812902654,35.77376110734387,2.6620971094839048,17.77616594286076,-2.997487102668697,18.036622270853446,0.0
-78.47126309884074,80.46175998666945,-31.207333589633556,28.228682339859027,4.755751633204842,-43.991442000179354,-8.29659972565572,24.010788911403804,47.86803001313524,-6.455451148935173,0.0
-70.25127824445407,8.637697460071372,1.8287948135056005,13.546447615045883,32.12440984099149,27.18689888946923,-16.052864097004267,28.805633501464538,-10.162448476822505,0.42986677839597737,0.0
-113.79044391448832,-20.626074562406973,23.78749462117888,-20.23867978531013,6.063403784099465,31.717173632483657,-31.94685237969753,14.571629252174027,4.471044221527756,-9.492635056994102,0.0
103.18889514666513,-75.59319621818283,-41.7835149607551,-17.460916564619875,2.0455066116357647,8.369979512009275,-22.860246115299724,12.44768540317015,13.070026291516363,31.07110560813409,0.0
-17.916150585857512,-17.011308957155585,-58.08874633246613,20.234565815979803,33.31262588233102,23.93192465037325,-44.68572343639417,11.076296424560667,40.766078972656224,20.11974589353577,0.0
-13.283132135189629,-66.04505720890745,26.464116681109058,-15.537337474285012,1.4032948106747514,33.899372072532735,23.066244053294835,-16.28346136114686,-30.958439379838627,-12.226392784784862,0.0
-19.558229863597514,61.646212754144685,-67.887657627924,-10.30379532739916,19.57785739096122,-0.28916277196503565,-11.682500625510373,29.966155299774105,2.194176426385303,20.688950104568995,0.0
-63.48508535726033,-59.43773638026802,28.697376291287686,-6.189877521010003,17.246861569032927,34.79051577711873,-18.514658014268008,15.509301811957597,-3.635640406163527,13.04054309622811,0.0
149.82609604415595,-8.646068317990043,-14.006559318297262,41.129430180016776,-37.39507387995622,21.094438850158795,-33.21178886069874,5.8449605430053415,23.497441956236603,-5.393276493721036,0.0
-176.39019861283123,-49.13357970235882,16.567809109529154,12.317605736746367,50.39942344574282,104.54018469324758,34.29063432682733,-51.49657702917441,34.14233623570121,-15.675142229527845,0.0
320.7087869191864,3.7807110027353237,-153.14625700549962,36.94175797408116,20.925524587104608,-101.72441169919006,6.631566287133251,22.582280489252714,58.625823016323146,57.70359345183968,0.0
-78.2668196207441,-22.44457159540875,69.41066918812123,-41.41878091184286,31.608328289815223,-11.173864843109435,27.278990669093,-34.03576866663878,5.762339184050003,-2.787931444224783,0.0
-51.39238896425081,-61.63152772166729,-11.279854946359569,-29.881625395472877,6.382920897983552,4.15527436196149,-7.33454909638557,-7.271377635988558,34.361980956564715,13.955939343979852,0.0
